{"count":1,"gauges":{},"self":8.8477591999999987,"total":9.428801,"children":{"AgentResetIfDone":{"count":447,"self":0.0039994,"total":0.0039994,"children":null},"AgentSendState":{"count":447,"self":0.0120033,"total":0.0540154,"children":{"CollectObservations":{"count":1788,"self":0.0420121,"total":0.0420121,"children":null}}},"DecideAction":{"count":447,"self":0.5140686,"total":0.5140686,"children":null},"AcademyStep":{"count":447,"self":0.001,"total":0.001,"children":null},"AgentAct":{"count":447,"self":0.0069587999999999994,"total":0.0069587999999999994,"children":null}}}